"ciudad","fecha","pm","pme","n_deciles","afford_coca","afford_cona","afford_cord","gap_coca_pm","gap_cona_pm","gap_cord_pm","gap_coca_pme","gap_cona_pme","gap_cord_pme"
"BOGOTA",2018-01-01,14.0635500707455,2.63031510669835,10,1.6793893129771,12.2900763358779,67.6245210727969,-12.3841607577684,-1.77347373486766,53.5609710020514,-0.950925793721248,9.65976122917952,64.9942059660986
"BOGOTA",2018-02-01,16.1734020459207,3.8081304050262,10,2.67857142857143,14.7142857142857,67.4193548387097,-13.4948306173493,-1.45911633163501,51.245952792789,-1.12955897645477,10.9061553092595,63.6112244336835
"BOGOTA",2018-03-01,13.0067189723466,2.90196853347712,10,1.94852941176471,10.9558823529412,64.6863468634686,-11.0581895605818,-2.05083661940538,51.6796278911221,-0.953439121712414,8.05391381946406,61.7843783299915
"BOGOTA",2018-04-01,11.4447827338617,2.17576414752134,10,1.5018315018315,9.48717948717949,64.8717948717949,-9.94295123203025,-1.95760324668226,53.4270121379331,-0.673932645689834,7.31141533965815,62.6960307242735
"BOGOTA",2018-05-01,10.1813002658867,2.05000375757993,10,1.44366197183099,9.15492957746479,62.1595829393321,-8.7376382940557,-1.0263706884219,51.9782826734454,-0.606341785748944,7.10492581988486,60.1095791817522
"BOGOTA",2018-06-01,13.2245304008476,2.8055337441516,10,1.98606271777003,12.0905923344948,65.3846153846154,-11.2384676830776,-1.13393806635287,52.1600849837677,-0.819471026381565,9.28505859034317,62.5790816404638
"BOGOTA",2018-07-01,11.4359784017522,2.30938785946052,10,0.867924528301887,8.49056603773585,59.7735849056604,-10.5680538734503,-2.94541236401634,48.3376065039082,-1.44146333115863,6.18117817827533,57.4641970461999
"BOGOTA",2018-08-01,12.4852797092195,2.05034505529644,10,0.811808118081181,11.070110701107,58.5239852398524,-11.6734715911383,-1.4151690081125,46.0387055306329,-1.23853693721526,9.01976564581057,56.473640184556
"BOGOTA",2018-09-01,12.0124091465031,1.89014425131724,10,0.925925925925926,10.2222222222222,65.5390334572491,-11.0864832205772,-1.79018692428092,53.5266243107459,-0.964218325391317,8.33207797090498,63.6488892059318
"BOGOTA",2018-10-01,11.6813719066308,1.56823416854471,10,1.18959107806691,10.4460966542751,65.8736059479554,-10.4917808285639,-1.23527525235573,54.1922340413246,-0.378643090477799,8.87786248573038,64.3053717794107
"BOGOTA",2018-11-01,12.5366075694917,2.96006101047224,10,1.5625,9.765625,63.2549019607843,-10.9741075694917,-2.77098256949171,50.7182943912926,-1.39756101047224,6.80556398952776,60.2948409503121
"BOGOTA",2018-12-01,10.8301228731853,3.1639742698366,10,1.88034188034188,8.8034188034188,65.2564102564103,-8.94978099284344,-2.02670406976651,54.4262873832249,-1.28363238949472,5.6394445335822,62.0924359865737
"BOGOTA",2019-01-01,27.447932343754,4.56181672352869,10,1.84615384615385,8.96153846153846,59.8069498069498,-25.6017784976001,-18.4863938822155,32.3590174631958,-2.71566287737484,4.39972173800978,55.2451330834211
"BOGOTA",2019-02-01,29.7555885897753,5.58462088509359,10,3.04511278195489,12.6691729323308,61.9548872180451,-26.7104758078204,-17.0864156574445,32.1992986282698,-2.5395081031387,7.08455204723724,56.3702663329515
"BOGOTA",2019-03-01,29.059099853128,4.19798993695043,10,2.04460966542751,10.0371747211896,70.1486988847584,-27.0144901877005,-19.0219251319384,41.0895990316304,-2.15338027152292,5.83918478423916,65.950708947808
"BOGOTA",2019-04-01,26.4433761224494,5.33913280603237,10,2.50909090909091,10.7636363636364,63.7604512276045,-23.9342852133585,-15.679739758813,37.3170751051551,-2.83004189694146,5.424503557604,58.4213184215722
"BOGOTA",2019-05-01,25.2643489066512,3.30924512531269,10,1.04868913857678,7.94007490636704,60.3459491425192,-24.2156597680744,-17.3242740002841,35.0816002358681,-2.26055598673591,4.63082978105436,57.0367040172065
"BOGOTA",2019-06-01,32.4649502057141,5.98368904716493,10,1.91335740072202,12.8880866425993,71.8772563176895,-30.5515928049921,-19.5768635631148,39.4123061119754,-4.07033164644291,6.90439759543435,65.8935672705246
"BOGOTA",2019-07-01,23.6939953502487,2.58321747632853,10,1.45669291338583,8.89763779527559,57.3913043478261,-22.2373024368629,-14.7963575549731,33.6973089975774,-1.12652456294271,6.31442031894706,54.8080868714976
"BOGOTA",2019-08-01,27.5227509520051,3.28166310124272,10,1.41221374045802,10.8396946564886,63.7404580152672,-26.1105372115471,-16.6830562955166,36.2177070632621,-1.8694493607847,7.55803155524583,60.4587949140245
"BOGOTA",2019-09-01,25.9368917298882,4.48845054279814,10,1.6988416988417,9.65250965250965,69.034749034749,-24.2380500310465,-16.2843820773786,43.0978573048608,-2.78960884395645,5.16405910971151,64.5462984919509
"BOGOTA",2019-10-01,22.9449225768387,2.35242470947934,10,1.20481927710843,7.51004016064257,61.9354838709677,-21.7401032997303,-15.4348824161962,38.990561294129,-1.14760543237091,5.15761545116323,59.5830591614884
"BOGOTA",2019-11-01,29.0170618531933,3.97359779024969,10,1.25,11.2121212121212,68.4790874524715,-27.7670618531933,-17.8049406410721,39.4620255992782,-2.72359779024969,7.23852342187153,64.5054896622218
"BOGOTA",2019-12-01,26.7403500522359,4.39995812436195,10,2.26890756302521,10.7983193277311,67.7637130801688,-24.4714424892107,-15.9420307245048,41.0233630279329,-2.13105056133674,6.39836120336915,63.3637549558068
"BOGOTA",2020-01-01,28.6894296101912,4.25112944899697,10,1.54761904761905,10.3174603174603,65.5776892430279,-27.1418105625721,-18.3719692927309,36.8882596328367,-2.70351040137792,6.06633086846335,61.3265597940309
"BOGOTA",2020-02-01,25.0094472481078,3.52964803960661,10,1.55642023346304,8.56031128404669,59.5703125,-23.4530270146447,-16.4491359640611,34.5608652518922,-1.97322780614357,5.03066324444008,56.0406644603934
"BOGOTA",2020-03-01,31.5495654172691,8.28689916096296,10,8.22784810126582,21.4767932489451,72.2033898305085,-23.3217173160032,-10.0727721683239,40.6538244132394,-0.0590510596971399,13.1898940879822,63.9164906695455
"BOGOTA",2020-04-01,51.3606534252822,23.4848934820226,10,17.5075987841945,33.677811550152,84.7865853658537,-33.8530546410877,-17.6828418751303,33.4259319405714,-5.97729469782809,10.1929180681294,61.3016918838311
"BOGOTA",2020-05-01,57.0671506389935,26.9733326582606,10,21.7508417508418,43.1986531986532,85.0337837837838,-35.3163088881518,-13.8684974403403,27.9666331447903,-5.22249090741882,16.2253205403926,58.0604511255232
"BOGOTA",2020-06-01,53.5549549988986,23.8898318834462,10,18.8813559322034,36.3389830508475,86.7006802721089,-34.6735990666952,-17.2159719480511,33.1457252732103,-5.00847595124278,12.4491511674013,62.8108483886627
"BOGOTA",2020-07-01,55.124144654866,20.8636440453979,10,14.0590405904059,37.3062730627306,84.5555555555556,-41.0651040644601,-17.8178715921353,29.4314109006896,-6.80460345499199,16.4426290173327,63.6919115101577
"BOGOTA",2020-08-01,40.4484770428925,10.8119332307742,10,7.16417910447761,23.3582089552239,75.3771870982168,-33.2842979384149,-17.0902680876687,34.9287100553242,-3.64775412629658,12.5462757244497,64.5652538674426
"BOGOTA",2020-09-01,39.4292654175564,11.3446264031477,10,7.63779527559055,23.1102362204724,74.8616600790514,-31.7914701419658,-16.3190291970839,35.432394661495,-3.7068311275571,11.7656098173248,63.5170336759037
"BOGOTA",2020-10-01,34.6341962950342,9.84394833315583,10,5.94594594594595,21.4285714285714,70.7722007722008,-28.6882503490882,-13.2056248664627,36.1380044771666,-3.89800238720988,11.5846230954156,60.9282524390449
"BOGOTA",2020-11-01,30.4352227406932,6.90681371877626,10,4.54918032786885,16.2295081967213,68.6065573770492,-25.8860424128243,-14.2057145439719,38.171334636356,-2.35763339090741,9.32269447794505,61.6997436582729
"BOGOTA",2020-12-01,34.422173611214,8.91597895905086,10,4.61240310077519,21.6666666666667,73.9688715953308,-29.8097705104388,-12.7555069445474,39.5466979841167,-4.30357585827567,12.7506877076158,65.0528926362799
"BOGOTA",2021-01-01,39.3437045130717,13.4264989428977,10,6.14406779661017,21.7372881355932,72.0425531914894,-33.1996367164615,-17.6064163774785,32.6988486784177,-7.28243114628754,8.31078919269551,58.6160542485917
"BOGOTA",2021-02-01,34.2370441024133,8.71430331399508,10,3.99193548387097,15.3629032258065,69.3117408906883,-30.2451086185423,-18.8741408766069,35.0746967882749,-4.72236783012411,6.64859991181137,60.5974375766932
"BOGOTA",2021-03-01,36.3969337231529,9.81067652486262,10,4.68253968253968,21.1111111111111,73.9840637450199,-31.7143940406132,-15.2858226120417,37.5871300218671,-5.12813684232294,11.3004345862485,64.1733872201573
"BOGOTA",2021-04-01,37.4502253006474,11.6191878192774,10,4.35606060606061,20.4545454545455,73.7262357414449,-33.0941646945868,-16.9956798461019,36.2760104407975,-7.26312721321677,8.83535763526807,62.1070479221675
"BOGOTA",2021-05-01,38.0211955766254,11.1090060503734,10,5.32520325203252,18.6213704994193,80.1224489795918,-32.6959923245928,-19.3998250772061,42.1012534029665,-5.78380279834091,7.51236444904585,69.0134429292184
"BOGOTA",2021-06-01,42.2019005300392,7.85335539999028,10,3.54838709677419,24.6370967741936,77.8947368421053,-38.653513433265,-17.5648037558456,35.6928363120661,-4.30496830321609,16.7837413742033,70.041381442115
"BOGOTA",2021-07-01,33.9274443601713,7.64720154245351,10,2.90322580645161,16.5322580645161,74.2338709677419,-31.0242185537197,-17.3951862956552,40.3064266075706,-4.74397573600189,8.88505652206262,66.5866694252884
"BOGOTA",2021-08-01,34.102622667941,9.94557929874291,10,3.06122448979592,17.3360655737705,71.5983606557377,-31.0413981781451,-16.7665570941705,37.4957379877967,-6.88435480894699,7.39048627502758,61.6527813569948
"BOGOTA",2021-09-01,35.6688461896841,10.9736265161427,10,3.45238095238095,21.3095238095238,73.8492063492064,-32.2164652373031,-14.3593223801603,38.1803601595223,-7.52124556376177,10.3358972933811,62.8755798330636
"BOGOTA",2021-10-01,31.8563278537246,9.07194347974028,10,3.04721030042918,15.9051724137931,73.1465517241379,-28.8091175532955,-15.9511554399315,41.2902238704133,-6.0247331793111,6.83322893405282,64.0746082443977
"BOGOTA",2021-11-01,31.8767420031186,6.5235863986679,10,1.81818181818182,13.7272727272727,71.8181818181818,-30.0585601849367,-18.1494692758458,39.9414398150633,-4.70540458048608,7.20368632860483,65.2945954195139
"BOGOTA",2021-12-01,34.584434934896,6.69401484344746,10,1.9811320754717,21.0849056603774,79.2924528301887,-32.6033028594243,-13.4995292745186,44.7080178952927,-4.71288276797576,14.3908908169299,72.5984379867412
"BOGOTA",2022-01-01,31.4762931591733,9.62540525566857,10,3.83259911894273,18.5462555066079,68.4513274336283,-27.6436940402306,-12.9300376525654,36.975034274455,-5.79280613672583,8.92085025093937,58.8259221779598
"BOGOTA",2022-02-01,31.0247629248906,11.0095569769861,10,4.60869565217391,19.5652173913043,72.3144104803493,-26.4160672727167,-11.4595455335862,41.2896475554588,-6.40086132481218,8.55566041431825,61.3048535033632
"BOGOTA",2022-03-01,27.2501290985812,8.07449107285637,10,2.79166666666667,18.4166666666667,72.2594142259414,-24.4584624319145,-8.83346243191449,45.0092851273603,-5.2828244061897,10.3421755938103,64.1849231530851
"BOGOTA",2022-04-01,30.1604339011191,9.29053003751958,10,4.4392523364486,21.4018691588785,70.093896713615,-25.7211815646705,-8.75856474224058,39.9334628124959,-4.85127770107098,12.1113391213589,60.8033666760954
"BOGOTA",2022-05-01,23.4060544116143,6.94697868625116,10,2.54310344827586,14.3722943722944,71.5151515151515,-20.8629509633385,-9.03376003931994,48.1090971035372,-4.4038752379753,7.42531568604322,64.5681728289004
"BOGOTA",2022-06-01,29.2341438731142,8.53903753559941,10,4.1304347826087,17.1739130434783,70.9130434782609,-25.1037090905055,-12.0602308296359,41.6788996051467,-4.40860275299072,8.63487550787885,62.3740059426615
"BOGOTA",2022-07-01,30.8239638418166,8.1121937921119,10,2.38738738738739,23.7837837837838,70.0452488687783,-28.4365764544292,-7.04018005803277,39.2212850269617,-5.72480640472451,15.6715899916719,61.9330550766664
"BOGOTA",2022-08-01,27.5782462048012,7.20097475913018,10,2.22222222222222,20.982905982906,69.4017094017094,-25.356023982579,-6.5953402218952,41.8234631969082,-4.97875253690796,13.7819312237758,62.2007346425792
"BOGOTA",2022-09-01,29.3727584020019,7.35019152070863,10,2.58474576271186,19.1489361702128,70.4255319148936,-26.78801263929,-10.2238222317891,41.0527735128917,-4.76544575799676,11.7987446495041,63.075340394185
"BOGOTA",2022-10-01,28.5791532403138,8.79411406995856,10,2.16981132075472,22.5,71.9811320754717,-26.4093419195591,-6.07915324031381,43.4019788351579,-6.62430274920384,13.7058859300414,63.1870180055131
"BOGOTA",2022-11-01,25.1364623865792,6.26111032639038,10,3.1390134529148,22.3766816143498,71.3452914798206,-21.9974489336644,-2.75978077222944,46.2088290932414,-3.12209687347559,16.1155712879594,65.0841811534303
"BOGOTA",2022-12-01,22.9117746033351,6.36040099813402,10,3.55670103092784,19.6907216494845,74.4559585492228,-19.3550735724072,-3.22105295385052,51.5441839458877,-2.80369996720619,13.3303206513505,68.0955575510888
"BOGOTA",2023-01-01,30.9649847467026,8.28188532011515,10,3.25,21.5,74.05,-27.7149847467026,-9.4649847467026,43.0850152532974,-5.03188532011515,13.2181146798848,65.7681146798848
"BOGOTA",2023-02-01,30.0815592181694,8.26284512710696,10,3.11926605504587,23.3655350272693,76.6820276497696,-26.9622931631236,-6.71602419090015,46.6004684316002,-5.14357907206109,15.1026899001623,68.4191825226626
"BOGOTA",2023-03-01,25.7968841145534,7.39820314400674,10,3.17972350230415,22.4423963133641,71.5277777777778,-22.6171606122493,-3.35448780118938,45.7308936632244,-4.21847964170259,15.0441931693573,64.129574633771
"BOGOTA",2023-04-01,23.3305871307685,4.0774962928788,10,2.31527093596059,16.4532019704433,72.0197044334975,-21.0153161948079,-6.87738516032519,48.689117302729,-1.7622253569182,12.3757056775646,67.9422081406187
"BOGOTA",2023-05-01,23.5405057260254,5.94311676724779,10,2.41071428571429,16.1607142857143,69.5982142857143,-21.1297914403111,-7.37979144031107,46.0577085596889,-3.5324024815335,10.2175975184665,63.6550975184665
"BOGOTA",2023-06-01,22.7635482142087,5.67968839465181,10,2.96296296296296,17.0833333333333,68.3333333333333,-19.8005852512457,-5.68021488087535,45.5697851191247,-2.71672543168885,11.4036449386815,62.6536449386815
"BOGOTA",2023-07-01,23.6182793645213,6.26100793696571,10,3.07359307359307,17.012987012987,70.0434782608696,-20.5446862909283,-6.60529235153432,46.4251988963482,-3.18741486337263,10.7519790760213,63.7824703239039
"BOGOTA",2023-08-01,23.1775010666721,4.21723272315707,10,1.54545454545455,15.5,66.3013698630137,-21.6320465212175,-7.67750106667208,43.1238687963416,-2.67177817770252,11.2827672768429,62.0841371398566
"BOGOTA",2023-09-01,21.5197711674087,4.5080933214981,10,2.20183486238532,14.4954128440367,67.6036866359447,-19.3179363050234,-7.02435832337205,46.083915468536,-2.30625845911278,9.9873195225386,63.0955933144466
"BOGOTA",2023-10-01,21.8147264725093,4.89315937826596,10,2.71794871794872,13.8659793814433,67.5773195876289,-19.0967777545605,-7.94874709106597,45.7625931151196,-2.17521066031724,8.97282000317734,62.6841602093629
"BOGOTA",2023-11-01,20.6965608708926,4.36826464839421,10,2.62672811059908,14.6759259259259,67.0833333333333,-18.0698327602936,-6.0206349449667,46.3867724624407,-1.74153653779513,10.3076612775317,62.7150686849391
"BOGOTA",2023-12-01,22.566501758305,6.9892893340758,10,3.44497607655502,15.5769230769231,66.6826923076923,-19.12152568175,-6.98957868138196,44.1161905493873,-3.54431325752078,8.58763374284728,59.6934029736165
"BOGOTA",2024-01-01,21.0048786038223,4.91462333940034,10,2.43119266055046,13.0875576036866,64.5161290322581,-18.5736859432718,-7.91732100013562,43.5112504284358,-2.48343067884988,8.1729342642863,59.6015056928577
"BOGOTA",2024-02-01,21.0177118524538,5.36969695714388,10,3.24324324324324,14.3243243243243,68.1900452488688,-17.7744686092105,-6.69338752812945,47.172333396415,-2.12645371390064,8.95462736718044,62.8203482917249
"BOGOTA",2024-03-01,19.4786733116523,3.89022092602099,10,1.9811320754717,10.377358490566,63.4905660377358,-17.4975412361806,-9.10131482108623,44.0118927260836,-1.90908885054929,6.48713756454505,59.6003451117149
"BOGOTA",2024-04-01,18.8610646506019,4.36155017694548,10,2.27488151658768,11.5238095238095,64.1428571428572,-16.5861831340142,-7.33725512679234,45.2817924922553,-2.0866686603578,7.16225934686405,59.7813069659117
"BOGOTA",2024-05-01,21.3444557406685,3.84650912720765,10,1.8018018018018,12.4324324324324,63.7387387387387,-19.5426539388666,-8.91202330823602,42.3942829980703,-2.04470732540585,8.58592330522479,59.8922296115311
"BOGOTA",2024-06-01,18.845059272352,3.51034648222877,10,2.12389380530973,11.4601769911504,63.8938053097345,-16.7211654670423,-7.3848822812016,45.0487460373825,-1.38645267691903,7.94983050892168,60.3834588275057
"BOGOTA",2024-07-01,20.1502645585048,5.3113371035648,10,2.87610619469027,15.2654867256637,67.8666666666667,-17.2741583638145,-4.88477783284103,47.7164021081619,-2.43523090887453,9.95414962209892,62.5553295631019
"BOGOTA",2024-08-01,20.4889236352265,3.81036328310192,10,2.1304347826087,11.5217391304348,65.8951965065502,-18.3584888526178,-8.96718450479168,45.4062728713238,-1.67992850049322,7.71137584733286,62.0848332234483
"BOGOTA",2024-09-01,17.2156800114777,3.43193445242632,10,1.83406113537118,8.73362445414847,62.8508771929825,-15.3816188761065,-8.48205555732925,45.6351971815047,-1.59787331705514,5.30169000172216,59.4189427405561
"BOGOTA",2024-10-01,16.2845415133989,3.4769421972245,10,1.62162162162162,9.59459459459459,58.9140271493213,-14.6629198917773,-6.68994691880434,42.6294856359223,-1.85532057560287,6.1176523973701,55.4370849520968
"BOGOTA",2024-11-01,16.887096122817,2.83415139787189,10,1.44144144144144,10,54.009009009009,-15.4456546813756,-6.88709612281701,37.121912886192,-1.39270995643045,7.16584860212811,51.1748576111371
"BOGOTA",2024-12-01,23.0851431391821,5.54599359584223,10,2.06030150753769,12.5125628140704,60.0505050505051,-21.0248416316444,-10.5725803251117,36.965361911323,-3.48569208830455,6.96656921822812,54.5045114546628
"CALI",2018-01-01,12.396798037361,1.73994282249802,10,1.49122807017544,8.99122807017544,69.7368421052632,-10.9055699671856,-3.40556996718555,57.3400440679022,-0.248714752322582,7.25128524767742,67.9968992827651
"CALI",2018-02-01,16.2687697368955,5.35445068323333,10,3.44398340248963,12.2406639004149,70.8713692946058,-12.8247863344059,-4.02810583648058,54.6025995577103,-1.9104672807437,6.88621321718161,65.5169186113725
"CALI",2018-03-01,13.7248710064583,1.80101095893459,10,0.862068965517242,8.53448275862069,71.6379310344828,-12.8628020409411,-5.19038824783762,57.9130600280245,-0.938941993417353,6.73347179968609,69.8369200755482
"CALI",2018-04-01,15.0304108164348,4.28796813621739,10,2.68722466960352,11.6740088105727,70.929203539823,-12.3431861468313,-3.35640200586216,55.8987927233882,-1.60074346661386,7.3860406743553,66.6412354036056
"CALI",2018-05-01,12.1469814292435,2.93223877401973,10,2.15447154471545,9.14634146341463,64.8780487804878,-9.99250988452803,-3.00063996582885,52.7310673512443,-0.77776722930428,6.21410268939491,61.9458100064681
"CALI",2018-06-01,18.1952710739993,3.02783183434935,10,2.40909090909091,11.9545454545455,67.9090909090909,-15.7861801649084,-6.24072561945383,49.7138198350916,-0.618740925258444,8.9267136201961,64.8812590747416
"CALI",2018-07-01,17.8393402347925,4.35522863181532,10,3.92241379310345,14.6120689655172,72.0689655172414,-13.9169264416891,-3.2272712692753,54.2296252824488,-0.432814838711875,10.2568403337019,67.7137368854261
"CALI",2018-08-01,14.5692638434214,2.17255679143582,10,1.87250996015936,11.0756972111554,69.1235059760956,-12.6967538832621,-3.49356663226606,54.5542421326742,-0.300046831276453,8.90314041971956,66.9509491846598
"CALI",2018-09-01,20.0081147140684,4.56875531802392,10,3.11475409836066,15.2868852459016,71.7213114754098,-16.8933606157078,-4.72122946816677,51.7131967613414,-1.45400121966326,10.7181299278777,67.1525561573859
"CALI",2018-10-01,17.5615023190732,3.63979465936697,10,2.42677824267782,12.2175732217573,70.2928870292887,-15.1347240763954,-5.34392909731592,52.7313847102155,-1.21301641668915,8.57777856239035,66.6530923699217
"CALI",2018-11-01,14.6139429207468,3.66925089390594,10,2.05645161290323,11.3306451612903,69.3548387096774,-12.5574913078435,-3.28329775945643,54.7408957889307,-1.61279928100271,7.66139426738439,65.6855878157715
"CALI",2018-12-01,16.1478259928256,3.58880154973417,10,2.72727272727273,10.2392344497608,68.0288461538462,-13.4205532655528,-5.9085915430648,51.8810201610206,-0.861528822461444,6.65043290002659,64.440044604112
"CALI",2019-01-01,25.0861620457511,5.02667632385717,10,3.3920704845815,13.3480176211454,71.4977973568282,-21.6940915611696,-11.7381444246057,46.4116353110771,-1.63460583927567,8.3213412972882,66.471121032971
"CALI",2019-02-01,24.3799369396101,6.10844260860928,10,3.7037037037037,13.2098765432099,68.7190082644628,-20.6762332359064,-11.1700603964003,44.3390713248527,-2.40473890490558,7.10143393460059,62.6105656558535
"CALI",2019-03-01,19.2293089378094,5.50258594128489,10,3.09734513274336,11.2,70.0888888888889,-16.131963805066,-8.02930893780937,50.8595799510795,-2.40524080854153,5.69741405871511,64.586302947604
"CALI",2019-04-01,21.8270831084589,6.26924320354639,10,3.51464435146443,11.7154811715481,72.0588235294118,-18.3124387569945,-10.1116019369108,50.2317404209528,-2.75459885208195,5.44623796800173,65.7895803258654
"CALI",2019-05-01,23.8384172080846,3.76215590195583,10,2.14876033057851,13.7603305785124,69.9585062240664,-21.689656877506,-10.0780866295722,46.1200890159818,-1.61339557137732,9.99817467655657,66.1963503221106
"CALI",2019-06-01,21.1050181007863,4.9999697312257,10,2.94871794871795,10.6410256410256,70.4273504273504,-18.1563001520683,-10.4639924597606,49.3223323265642,-2.05125178250775,5.64105590979994,65.4273806961247
"CALI",2019-07-01,20.3011378106257,3.05391077990798,10,2.62096774193548,11.2096774193548,71.2955465587045,-17.6801700686902,-9.09146039127084,50.9944087480788,-0.432943037972498,8.15576663944686,68.2416357787965
"CALI",2019-08-01,23.4034001646815,3.22926663660036,10,2.06611570247934,10.6198347107438,72.5311203319502,-21.3372844622022,-12.7835654539377,49.1277201672687,-1.16315093412102,7.39056807414345,69.3018536953498
"CALI",2019-09-01,19.4009240272042,2.51132665313717,10,2.13973799126638,10.6113537117904,67.6419213973799,-17.2611860359378,-8.7895703154138,48.2409973701757,-0.371588661870798,8.10002705865322,65.1305947442427
"CALI",2019-10-01,23.6622088867383,6.15012228018064,10,4.5531914893617,13.531914893617,68.4255319148936,-19.1090173973766,-10.1302939931213,44.7633230281553,-1.59693079081894,7.38179261343638,62.275409634713
"CALI",2019-11-01,22.42973200085,6.56424027687273,10,4.20833333333333,12.4583333333333,70.5833333333333,-18.2213986675166,-9.97139866751663,48.1536013324834,-2.3559069435394,5.8940930564606,64.0190930564606
"CALI",2019-12-01,18.4211039437562,3.79939664198816,10,2.11711711711712,9.5045045045045,66.6515837104072,-16.3039868266391,-8.91659943925174,48.230479766651,-1.68227952487104,5.70510786251635,62.8521870684191
"CALI",2020-01-01,26.6360161870938,6.03649292384743,10,4.59227467811159,14.4635193133047,69.0987124463519,-22.0437415089822,-12.1724968737891,42.4626962592582,-1.44421824573584,8.42702638945729,63.0622195225045
"CALI",2020-02-01,20.7793879049813,5.81778275082591,10,3.75,10.4310344827586,69.9568965517241,-17.0293879049813,-10.3483534222227,49.1775086467428,-2.06778275082591,4.61325173193272,64.1391138008982
"CALI",2020-03-01,34.2592178294244,9.96272862056199,10,11.6470588235294,27.7647058823529,86.0355029585799,-22.6121590058949,-6.49451194707141,51.7762851291555,1.68433020296742,17.801977261791,76.0727743380179
"CALI",2020-04-01,53.0024401137981,27.4114746438032,10,24.5419847328244,46.6030534351145,89.0038314176245,-28.4604553809736,-6.39938667868355,36.0013913038265,-2.86948991097879,19.1915787913113,61.5923567738213
"CALI",2020-05-01,53.9386982153158,28.3753159593772,10,24.412955465587,44.349593495935,88.3739837398374,-29.5257427497287,-9.58910471938079,34.4352855245216,-3.96236049379019,15.9742775365577,59.9986677804602
"CALI",2020-06-01,47.3841834915176,23.1193556720218,10,20.1345291479821,40.5381165919283,89.2825112107623,-27.2496543435356,-6.84606689958937,41.8983277192447,-2.98482652403971,17.4187609199065,66.1631555387406
"CALI",2020-07-01,48.9117099649866,18.2457962871427,10,14.8584905660377,37.2641509433962,86.9668246445498,-34.0532193989489,-11.6475590215904,38.0551146795632,-3.387305721105,19.0183546562535,68.721028357407
"CALI",2020-08-01,34.8907538298582,12.0241486638408,10,9.05579399141631,26.1637931034483,76.5948275862069,-25.8349598384419,-8.72696072640989,41.7040737563487,-2.96835467242451,14.1396444396075,64.5706789223661
"CALI",2020-09-01,29.1291510296055,7.50905528622293,10,6.65198237885463,22.0704845814978,78.9823008849557,-22.4771686507509,-7.05866644810772,49.8531498553502,-0.857072907368306,14.5614292952749,71.4732455987328
"CALI",2020-10-01,31.1027599930774,8.36047610130422,10,6.89243027888446,24.8605577689243,74.7054980079681,-24.210329714193,-6.24220222415313,43.6027380148907,-1.46804582241975,16.5000816676201,66.3450219066639
"CALI",2020-11-01,27.7636111771025,6.19199258930533,10,5.47325102880658,15.9259259259259,74.5454545454545,-22.290360148296,-11.8376852511766,46.781843368352,-0.718741560498744,9.73393333662059,68.3534619561492
"CALI",2020-12-01,27.6171590084823,6.57464536880801,10,5.45045045045045,17.6126126126126,78.3783783783784,-22.1667085580318,-10.0045463958697,50.7612193698961,-1.12419491835756,11.0379672438046,71.8037330095704
"CALI",2021-01-01,30.7444605707843,8.40220313321626,10,6.30901287553648,17.9828326180257,78.4978540772532,-24.4354476952478,-12.7616279527585,47.753393506469,-2.09319025767978,9.58062948480949,70.095650944037
"CALI",2021-02-01,29.2842777657973,9.419605441173,10,5.58951965065502,17.4672489082969,76.5109553359381,-23.6947581151423,-11.8170288575003,47.2266775701408,-3.83008579051798,8.04764346712394,67.0913498947651
"CALI",2021-03-01,26.0912228203543,4.99066993247431,10,3.99141630901288,14.4635193133047,75.4741379310345,-22.0998065113414,-11.6277035070496,49.3829151106802,-0.999253623461435,9.47284938083041,70.4834679985602
"CALI",2021-04-01,33.2961694846132,10.1897005255533,10,7.33333333333333,25.0666666666667,77.8751984126984,-25.9628361512799,-8.22950281794657,44.5790289280852,-2.85636719221999,14.8769661411134,67.6854978871451
"CALI",2021-05-01,36.077326074119,11.8445531443175,10,10.4225352112676,29.8591549295775,87.7830188679245,-25.6547908628514,-6.21817114454157,51.7056927938055,-1.42201793304994,18.0146017852599,75.938465723607
"CALI",2021-06-01,31.9633590337759,11.4757449040182,10,8.76847290640394,23.4975369458128,78.019801980198,-23.194886127372,-8.46582208796312,46.0564429464221,-2.70727199761429,12.0217920417946,66.5440570761798
"CALI",2021-07-01,28.8447836268956,6.73655577101902,10,4.65437788018433,15.8064516129032,80.2314814814815,-24.1904057467113,-13.0383320139924,51.3866978545859,-2.08217789083469,9.0698958418842,73.4949257104625
"CALI",2021-08-01,28.2119501426114,6.20687550552248,10,4.66666666666667,17.7033492822967,80.5263157894737,-23.5452834759448,-10.5086008603148,52.3143656468623,-1.54020883885581,11.4964737767742,74.3194402839512
"CALI",2021-09-01,26.602032522064,7.56958099439041,10,5.11737089201878,16.4788732394366,78.9150943396227,-21.4846616300452,-10.1231592826273,52.3130618175587,-2.45221010237163,8.90929224504621,71.3455133452322
"CALI",2021-10-01,28.2432801479381,8.0023825325641,10,4.47004608294931,19.4470046082949,80.0925925925926,-23.7732340649888,-8.79627553964318,51.8493124446545,-3.53233644961479,11.4446220757308,72.0902100600285
"CALI",2021-11-01,27.1113381040153,6.13914958451483,10,3.66666666666667,15.8095238095238,80.8571428571429,-23.4446714373486,-11.3018142944915,53.7458047531276,-2.47248291784816,9.67037422500898,74.717993272628
"CALI",2021-12-01,24.6324027773498,5.39631467484468,10,3.05,15.15,79.5,-21.5824027773498,-9.48240277734976,54.8675972226502,-2.34631467484468,9.75368532515532,74.1036853251553
"CALI",2022-01-01,30.0413862100491,11.3424361231804,10,5.71942446043165,24.4604316546763,85.4873646209386,-24.3219617496175,-5.58095455537289,55.4459784108895,-5.62301166274874,13.1179955314959,74.1449284977582
"CALI",2022-02-01,28.1424141723612,8.75602066737224,10,5.11450381679389,22.9770992366412,84.8291948173496,-23.0279103555673,-5.16531493571993,56.6867806449884,-3.64151685057834,14.221078569269,76.0731741499774
"CALI",2022-03-01,24.7356843164948,6.59319019824321,10,3.68029739776952,17.6951672862454,81.635687732342,-21.0553869187253,-7.04051703024944,56.9000034158472,-2.91289280047369,11.1019770880021,75.0424975340988
"CALI",2022-04-01,20.5978901934467,4.51454064891928,10,3.43283582089552,15.0373134328358,84.4029850746269,-17.1650543725512,-5.56057676061089,63.8050948811802,-1.08170482802375,10.5227727839165,79.8884444257076
"CALI",2022-05-01,22.7111014154879,7.47702074011895,10,5.59386973180077,19.7701149425287,80.2307692307692,-17.1172316836871,-2.94098647295914,57.5196678152814,-1.88315100831819,12.2930942024098,72.7537484906503
"CALI",2022-06-01,23.5385529301879,6.27140800555176,10,3.92727272727273,19.8622428666224,80.6569343065694,-19.6112802029152,-3.67631006356551,57.1183813763814,-2.34413527827904,13.5908348610707,74.3855263010176
"CALI",2022-07-01,25.7060664667144,7.15758806731606,10,4.3359375,17.6171875,80.4705882352941,-21.3701289667144,-8.0888789667144,54.7645217685797,-2.82165056731606,10.4595994326839,73.3130001679781
"CALI",2022-08-01,22.2073485016089,5.94084359797153,10,3.49264705882353,17.0588235294118,80.6273062730627,-18.7147014427854,-5.14852497219714,58.4199577714538,-2.448196539148,11.1179799314402,74.6864626750912
"CALI",2022-09-01,25.6108819687037,5.9006176689475,10,5.13725490196078,23.7254901960784,82.078431372549,-20.4736270667429,-1.88539177262528,56.4675494038453,-0.763362766986716,17.8248725271309,76.1778137036015
"CALI",2022-10-01,19.120759186661,5.21565734006256,10,4.08,16.04,73.96,-15.040759186661,-3.08075918666095,54.8392408133391,-1.13565734006256,10.8243426599374,68.7443426599374
"CALI",2022-11-01,23.8541769138014,5.52219730162111,10,5.58333333333333,22.4166666666667,79.2887029288703,-18.2708435804681,-1.43751024713473,55.4345260150689,0.0611360317122189,16.8944693650456,73.7665056272492
"CALI",2022-12-01,21.7583905331066,5.68716156280528,10,4.86274509803922,24.3529411764706,86.7322834645669,-16.8956454350673,2.59455064336403,64.9738929314604,-0.824416464766067,18.6657796136653,81.0451219017616
"CALI",2023-01-01,28.5201581381577,9.6475901123085,10,7.63157894736842,27.3584905660377,86.3018867924528,-20.8885791907893,-1.16166757212,57.7817286542951,-2.01601116494007,17.7109004537292,76.6542966801443
"CALI",2023-02-01,24.2586617078006,6.75210370730938,10,5.35433070866142,23.6220472440945,86.6929133858268,-18.9043309991392,-0.636614463706099,62.4342516780262,-1.39777299864796,16.8699435367851,79.9408096785174
"CALI",2023-03-01,27.3848305355844,8.84672055376632,10,6.72131147540984,26.8852459016393,86.5020576131687,-20.6635190601746,-0.499584633945105,59.1172270775843,-2.12540907835649,18.038525347873,77.6553370594024
"CALI",2023-04-01,24.8619157529334,5.60613249398604,10,4.32950191570881,26.7432950191571,84.9808429118774,-20.5324138372246,1.88137926622365,60.118927158944,-1.27663057827723,21.137162525171,79.3747104178914
"CALI",2023-05-01,21.8693838936868,4.49437758090228,10,3,23.0416666666667,85.1666666666667,-18.8693838936868,1.17228277297983,63.2972827729798,-1.49437758090228,18.5472890857644,80.6722890857644
"CALI",2023-06-01,23.2856604545163,5.92858691358892,10,4.53815261044177,25.0602409638554,85.7661290322581,-18.7475078440746,1.77458050933908,62.4804685777417,-1.39043430314715,19.1316540502665,79.8375421186691
"CALI",2023-07-01,25.7371052265281,8.9942850761118,10,4.83606557377049,23.2786885245902,81.3991769547325,-20.9010396527576,-2.4584167019379,55.6620717282045,-4.15821950234131,14.2844034484784,72.4048918786207
"CALI",2023-08-01,20.9128394890518,5.84981650897608,10,4.59677419354839,19.3548387096774,80.4453441295547,-16.3160652955034,-1.55800077937441,59.5325046405028,-1.2530423154277,13.5050222007013,74.5955276205786
"CALI",2023-09-01,24.0182170919901,7.56162834819182,10,6.20833333333333,24.9583333333333,76.4016736401674,-17.8098837586568,0.940116241343222,52.3834565481773,-1.35329501485849,17.3967049851415,68.8400452919755
"CALI",2023-10-01,26.0833451102144,5.55252184406953,10,4.63203463203463,24.025974025974,76.0869565217391,-21.4513104781798,-2.05737108424036,50.0036114115247,-0.920487212034902,18.4734521819045,70.5344346776696
"CALI",2023-11-01,22.801218190726,8.85894411333016,10,6.50655021834061,20.4803493449782,83.0701754385965,-16.2946679723854,-2.32086884574783,60.2689572478705,-2.35239389498955,11.621405231648,74.2112313252663
"CALI",2023-12-01,25.1676442741325,7.99191464769815,10,6.31799163179916,22.3849372384937,81.3025210084034,-18.8496526423333,-2.78270703563877,56.1348767342709,-1.67392301589899,14.3930225907956,73.3106063607052
"CALI",2024-01-01,27.8796988972099,6.10687039169778,10,4.69387755102041,26.8163265306122,83.1147540983607,-23.1858213461895,-1.06337236659765,55.2350552011508,-1.41299284067737,20.7094561389145,77.0078837066629
"CALI",2024-02-01,27.5597597976334,9.96181921507992,10,6.62698412698413,25.7539682539683,83.0555555555556,-20.9327756706492,-1.80579154366511,55.4957957579222,-3.3348350880958,15.7921490388883,73.0937363404756
"CALI",2024-03-01,27.6454895976968,8.60372520302052,10,4.28571428571429,24.7619047619048,82.6152832674572,-23.3597753119825,-2.88358483579201,54.9697936697604,-4.31801091730624,16.1581795588842,74.0115580644367
"CALI",2024-04-01,23.9852204383215,9.03706785296076,10,6.82926829268293,20.7723577235772,85.1428571428572,-17.1559521456386,-3.21286271474425,61.1576367045357,-2.20779956027783,11.7352898706165,76.1057892898964
"CALI",2024-05-01,22.0112745135167,6.36637336054782,10,3.45991561181435,20.5907172995781,76.1440677966102,-18.5513589017023,-1.42055721393861,54.1327932830935,-2.90645774873348,14.2243439390302,69.7776944360623
"CALI",2024-06-01,23.5955993557941,10.2021234259307,10,4.3265306122449,18.1967213114754,83.8934426229508,-19.2690687435492,-5.39887804431872,60.2978432671567,-5.87559281368577,7.99459788554475,73.6913191970202
"CALI",2024-07-01,23.9541760520993,8.49685408949638,10,5.17543859649123,21.9298245614035,80.8370044052864,-18.778737455608,-2.02435149069576,56.8828283531871,-3.32141549300515,13.4329704719071,72.34015031579
"CALI",2024-08-01,24.2857747328473,6.36026458027056,10,4.32,22.56,80.9236947791165,-19.9657747328473,-1.72577473284725,56.6379200462692,-2.04026458027055,16.1997354197294,74.5634301988459
"CALI",2024-09-01,21.1028623875544,8.0606511287197,10,3.91111111111111,16.1160714285714,77.5892857142857,-17.1917512764432,-4.98679095898293,56.4864233267314,-4.14954001760859,8.05542029985173,69.528634585566
"CALI",2024-10-01,23.602802353567,8.83303758318858,10,5.67567567567568,22.7927927927928,72.7927927927928,-17.9271266778913,-0.810009560774212,49.1899904392258,-3.1573619075129,13.9597552096042,63.9597552096042
"CALI",2024-11-01,17.6365778698648,4.51062610047596,10,3.56521739130435,14.9130434782609,74.9565217391304,-14.0713604785605,-2.72353439160397,57.3199438692656,-0.945408709171612,10.4024173777849,70.4458956386545
"CALI",2024-12-01,23.1097782749214,8.31453702253095,10,5.06849315068493,20.1369863013699,80.7014787817854,-18.0412851242365,-2.97279197355153,57.591700506864,-3.24604387184602,11.8224492788389,72.3869417592545
"MEDELLIN",2018-01-01,16.6234722075135,2.04933374329305,10,1.83279742765273,13.6129032258065,67.4838709677419,-14.7906747798607,-3.01056898170701,50.8603987602285,-0.216536315640312,11.5635694825134,65.4345372244489
"MEDELLIN",2018-02-01,13.796928150242,2.98369334084197,10,2.52279635258359,10.4559270516717,64.7112462006079,-11.2741317976584,-3.34100109857022,50.9143180503659,-0.460896988258385,7.47223371082976,61.7275528597659
"MEDELLIN",2018-03-01,14.2876136767667,3.35149977409379,10,2.55255255255255,11.0510510510511,68.2228915662651,-11.7350611242142,-3.23656262571565,53.9352778894984,-0.79894722154124,7.69955127695726,64.8713917921713
"MEDELLIN",2018-04-01,12.9725476521366,2.06783613116359,10,1.99376947040498,10.0934579439252,62.9375,-10.9787781817316,-2.87908970821138,49.9649523478634,-0.074066660758602,8.02562181276165,60.8696638688364
"MEDELLIN",2018-05-01,12.8793340057374,1.84300988917191,10,1.42857142857143,10.5539358600583,64.9562682215743,-11.450762577166,-2.32539814567912,52.0769342158369,-0.414438460600478,8.7109259708864,63.1132583324024
"MEDELLIN",2018-06-01,14.324492951418,3.23606615899924,10,2.71241830065359,10.655737704918,64.3934426229508,-11.6120746507644,-3.66875524649994,50.0689496715328,-0.523647858345644,7.41967154591879,61.1573764639516
"MEDELLIN",2018-07-01,11.3586422221157,1.71506299029503,10,1.41955835962145,9.55835962145111,59.2806373038374,-9.9390838624942,-1.80028260066455,47.9219950817217,-0.295504630673577,7.84329663115608,57.5655743135424
"MEDELLIN",2018-08-01,13.8249809126652,3.34472405092501,10,2.71028037383178,10.1869158878505,61.214953271028,-11.1147005388334,-3.63806502481473,47.3899723583628,-0.63444367709323,6.84219183692546,57.870229220103
"MEDELLIN",2018-09-01,15.0987451560338,2.2041649431935,10,1.90769230769231,10.6153846153846,66.2769230769231,-13.1910528483415,-4.48336054064917,51.1781779208893,-0.296472635501194,8.41121967219111,64.0727581337296
"MEDELLIN",2018-10-01,12.7691011694469,4.51581934273287,10,4.36065573770492,10.6885245901639,60.2631578947368,-8.40844543174194,-2.08057657928292,47.49405672529,-0.155163605027952,6.17270524743107,55.747338552004
"MEDELLIN",2018-11-01,13.9882010336039,2.04330092188854,10,1.94690265486726,11.2389380530973,66.8141592920354,-12.0412983787367,-2.74926298050658,52.8259582584315,-0.0963982670212842,9.19563713120881,64.7708583701469
"MEDELLIN",2018-12-01,14.5994194577717,2.87393394432079,10,2.49221183800623,11.183800623053,68.4423676012461,-12.1072076197655,-3.41561883471877,53.8429481434744,-0.381722106314559,8.30986667873217,65.5684336569253
"MEDELLIN",2019-01-01,26.9912611383234,3.99704696889202,10,3.14984709480122,14.5871559633028,68.3742331288344,-23.8414140435222,-12.4041051750207,41.3829719905109,-0.847199874090793,10.5901089944107,64.3771861599423
"MEDELLIN",2019-02-01,26.203912921458,4.5177562491414,10,3.53276353276353,13.5612535612536,66.5428571428571,-22.6711493886945,-12.6426593602045,40.3389442213991,-0.984992716377867,9.04349731211216,62.0251008937157
"MEDELLIN",2019-03-01,28.458968080926,3.97117465921559,10,2.87066246056782,13.0599369085174,70.1577287066246,-25.5883056203582,-15.3990311724086,41.6987606256986,-1.10051219864777,9.08876224930176,66.186554047409
"MEDELLIN",2019-04-01,24.711652881277,3.82162683356034,10,3.04075235109718,11.7924528301887,67.4528301886792,-21.6709005301798,-12.9192000510883,42.7411773074022,-0.780874482463166,7.97082599662834,63.6312033551189
"MEDELLIN",2019-05-01,26.1204190903227,3.98607166324372,10,3.14024390243902,11.9817073170732,66.25,-22.9801751878837,-14.1387117732495,40.1295809096773,-0.845827760804694,7.99563565382945,62.2639283367563
"MEDELLIN",2019-06-01,24.4202106526634,3.84715145818542,10,3.78125,12.09375,71.2539184952978,-20.6389606526634,-12.3264606526634,46.8337078426344,-0.0659014581854196,8.24659854181458,67.4067670371124
"MEDELLIN",2019-07-01,24.2759409771651,3.67345418224608,10,3.01948051948052,11.3961038961039,65.4545454545455,-21.2564604576846,-12.8798370810613,41.1786044773803,-0.653973662765556,7.72264971385782,61.7810912722994
"MEDELLIN",2019-08-01,21.7836923753764,3.8966292981417,10,2.74691358024691,10.9567901234568,67.3148148148148,-19.0367787951295,-10.8269022519196,45.5311224394384,-1.14971571789478,7.06016082531509,63.4181855166731
"MEDELLIN",2019-09-01,24.8339281149753,4.07389512928258,10,2.75541795665635,11.832298136646,70.527950310559,-22.078510158319,-13.0016299783293,45.6940221955837,-1.31847717262623,7.75840300736338,66.4540551812764
"MEDELLIN",2019-10-01,23.1232107862542,3.18791548722382,10,1.95439739413681,9.64169381107492,66.6013071895425,-21.1688133921173,-13.4815169751792,43.4780964032883,-1.23351809308701,6.4537783238511,63.4133917023187
"MEDELLIN",2019-11-01,19.6455122211752,2.61249192152753,10,2.4,10.3384615384615,60.1851851851852,-17.2455122211752,-9.30705068271368,40.53967296401,-0.212491921527533,7.72596961693401,57.5726932636577
"MEDELLIN",2019-12-01,22.4553683460877,2.48821906530822,10,2.27129337539432,10.5362776025237,66.6876971608833,-20.1840749706934,-11.919090743564,44.2323288147956,-0.216925689913895,8.04805853721544,64.1994780955751
"MEDELLIN",2020-01-01,16.7522736836602,3.30567352771056,10,2.33333333333333,8.12121212121212,56.3939393939394,-14.4189403503269,-8.63106156244809,39.6416657102792,-0.972340194377228,4.81553859350156,53.0882658662288
"MEDELLIN",2020-02-01,23.0614943831943,2.7090996345057,10,2.32628398791541,10,60.2788611187403,-20.7352103952789,-13.0614943831943,37.217366735546,-0.382815646590297,7.29090036549429,57.5697614842346
"MEDELLIN",2020-03-01,25.7531018238446,6.31153790030482,10,5.81749049429658,17.8326996197719,83.2699619771863,-19.935611329548,-7.92040220407276,57.5168601533417,-0.49404740600824,11.521161719467,76.9584240768815
"MEDELLIN",2020-04-01,43.4597364298306,13.925403417032,10,11.8181818181818,30.6493506493507,84.7882736156352,-31.6415546116488,-12.81038578048,41.3285371858046,-2.10722159885017,16.7239472323187,70.8628701986032
"MEDELLIN",2020-05-01,47.3547363536263,18.6687673124434,10,14.8666666666667,35.7666666666667,85.3511705685619,-32.4880696869596,-11.5880696869596,37.9964342149356,-3.80210064577671,17.0978993542233,66.6824032561185
"MEDELLIN",2020-06-01,44.8844599076425,16.1955714745388,10,14.0751445086705,34.3352601156069,85.4913294797688,-30.809315398972,-10.5491997920356,40.6068695721263,-2.12042696586832,18.1396886410681,69.29575800523
"MEDELLIN",2020-07-01,43.7461566255909,14.845726105973,10,13.0085959885387,30.974212034384,81.0888252148997,-30.7375606370522,-12.7719445912069,37.3426685893088,-1.83713011743434,16.1284859284109,66.2430991089267
"MEDELLIN",2020-08-01,36.8209137887649,10.1633988684978,10,8.90207715133531,26.5875370919881,75.4761904761905,-27.9188366374296,-10.2333766967768,38.6552766874256,-1.26132171716251,16.4241382234903,65.3127916076927
"MEDELLIN",2020-09-01,31.6064796951152,6.8522696145501,10,6.67721518987342,20.0672091621459,72.9206349206349,-24.9292645052418,-11.5392705329694,41.3141552255197,-0.175054424676683,13.2149395475958,66.0683653060848
"MEDELLIN",2020-10-01,27.5651407613199,4.21583084533919,10,3.73770491803279,16.8196721311475,65.7049180327869,-23.8274358432871,-10.7454686301723,38.139777271467,-0.478125927306404,12.6038412858084,61.4890871874477
"MEDELLIN",2020-11-01,25.7183532711178,6.08983894265616,10,4.85804416403785,13.3123028391167,62.6582278481013,-20.8603091070799,-12.4060504320011,36.9398745769835,-1.23179477861831,7.22246389646056,56.5683889054451
"MEDELLIN",2020-12-01,28.1617472714753,5.66483011421745,10,4.89296636085627,15.0764525993884,68.0674846625767,-23.2687809106191,-13.0852946720869,39.9057373911014,-0.771863753361181,9.41162248517093,62.4026545483592
"MEDELLIN",2021-01-01,25.5193281348481,4.4468662697401,10,2.84722222222222,12.1254355400697,69.2334494773519,-22.6721059126259,-13.3938925947785,43.7141213425038,-1.59964404751787,7.67856927032959,64.7865832076118
"MEDELLIN",2021-02-01,27.1970873467803,5.10423657453473,10,4.23566878980892,14.7133757961783,68.0573248407643,-22.9614185569714,-12.4837115506019,40.8602374939841,-0.868567784725812,9.60913922164361,62.9530882662296
"MEDELLIN",2021-03-01,28.7163885541739,5.38371590606292,10,4.98371335504886,15.3745928338762,68.6928104575163,-23.7326751991251,-13.3417957202977,39.9764219033424,-0.40000255101406,9.9908769278133,63.3090945514534
"MEDELLIN",2021-04-01,30.4078688193004,6.14285279488531,10,6.2,18.6,70.5351170568562,-24.2078688193004,-11.8078688193004,40.1272482375558,0.0571472051146866,12.4571472051147,64.3922642619709
"MEDELLIN",2021-05-01,29.6249255703357,4.44661755923724,10,3.55555555555556,16.656050955414,68.343949044586,-26.0693700147802,-12.9688746149217,38.7190234742503,-0.891062003681684,12.2094333961768,63.8973314853487
"MEDELLIN",2021-06-01,30.2743079861429,5.08690513772002,10,4.20245398773006,17.0858895705522,71.5076923076923,-26.0718539984128,-13.1884184155907,41.2333843215494,-0.884451149989958,11.9989844328321,66.4207871699723
"MEDELLIN",2021-07-01,27.675634498645,3.24766006436485,10,2.27118644067797,14.3389830508475,68.265306122449,-25.404448057967,-13.3366514477975,40.589671623804,-0.976473623686886,11.0913229864826,65.0176460580841
"MEDELLIN",2021-08-01,25.5435339143072,4.8852201798792,10,3.66366366366366,13.0630630630631,66.9277108433735,-21.8798702506435,-12.4804708512441,41.3841769290663,-1.22155651621554,8.17784288318386,62.0424906634943
"MEDELLIN",2021-09-01,27.2196890825521,5.69560657274942,10,3.90476190476191,16.5079365079365,73.2484076433121,-23.3149271777902,-10.7117525746156,46.02871856076,-1.79084466798751,10.8123299351871,67.5528010705627
"MEDELLIN",2021-10-01,24.5815805251998,5.13823520284775,10,3.71621621621622,13.4797297297297,69.4576271186441,-20.8653643089836,-11.10185079547,44.8760465934443,-1.42201898663153,8.34149452688198,64.3193919157963
"MEDELLIN",2021-11-01,26.7292260811897,4.86597971436586,10,2.45341614906832,16.3664596273292,69.2236024844721,-24.2758099321214,-10.3627664538605,42.4943764032824,-2.41256356529754,11.5004799129633,64.3576227701062
"MEDELLIN",2021-12-01,27.1790981927746,6.93323901848095,10,3.81944444444444,16.5972222222222,75.3819444444444,-23.3596537483302,-10.5818759705524,48.2028462516698,-3.11379457403651,9.66398320374127,68.4487054259635
"MEDELLIN",2022-01-01,31.1565799947878,8.81388867491884,10,6.15916955017301,23.6678200692042,77.7777777777778,-24.9974104446148,-7.48875992558361,46.62119778299,-2.65471912474583,14.8539313942853,68.9638891028589
"MEDELLIN",2022-02-01,26.9968471247642,5.39896527403014,10,4.19795221843003,20.4484781897237,74.9315068493151,-22.7988949063342,-6.54836893504051,47.9346597245509,-1.20101305560011,15.0495129156935,69.5325415752849
"MEDELLIN",2022-03-01,26.6683614310907,6.26210980264376,10,4.82315112540193,18.1993569131833,74.9354838709677,-21.8452103056888,-8.46900451790741,48.2671224398771,-1.43895867724183,11.9372471105395,68.673374068324
"MEDELLIN",2022-04-01,22.1250641005237,3.933259003347,10,3.53741496598639,18.265306122449,78.5324232081911,-18.5876491345374,-3.85975797807477,56.4073591076674,-0.395844037360603,14.332047119102,74.5991642048441
"MEDELLIN",2022-05-01,26.3879115468239,4.49369312497222,10,4.69798657718121,17.5838926174497,69.9326599326599,-21.6899249696427,-8.80401892937428,43.544748385836,0.204293452208986,13.0901994924774,65.4389668076877
"MEDELLIN",2022-06-01,25.7391110820933,4.25008516241561,10,4.08026755852843,17.2583107000965,74.3624161073825,-21.6588435235648,-8.48080038199675,48.6233050252893,-0.169817603887178,13.0082255376809,70.1123309449669
"MEDELLIN",2022-07-01,27.2231136632692,5.9832239629836,10,5.55555555555556,23.8194444444444,78.5714285714286,-21.6675581077137,-3.40366921882477,51.3483149081594,-0.427668407428041,17.8362204814608,72.588204608445
"MEDELLIN",2022-08-01,21.0999607614631,5.44524934998134,10,4.7766323024055,18.867045858514,72.7241379310345,-16.3233284590576,-2.23291490294905,51.6241771695714,-0.66861704757584,13.4217965085327,67.2788885810532
"MEDELLIN",2022-09-01,22.6223431214368,4.65845312812738,10,4.18918918918919,18.0067567567568,74.7118644067797,-18.4331539322476,-4.61558636468,52.0895212853429,-0.469263938938191,13.3483036286294,70.0534112786523
"MEDELLIN",2022-10-01,20.4371525569161,4.07636328790494,10,3.91608391608392,17.2377622377622,73.7543859649123,-16.5210686408322,-3.1993903191539,53.3172334079961,-0.160279371821022,13.1613989498573,69.6780226770073
"MEDELLIN",2022-11-01,24.1416871577061,6.23998059672729,10,4.85185185185185,17.2962962962963,74.1126256367892,-19.2898353058542,-6.84539086140976,49.9709384790832,-1.38812874487544,11.056315699569,67.8726450400619
"MEDELLIN",2022-12-01,23.5784635772511,4.24117133233147,10,4.82517482517483,20,77.138019874862,-18.7532887520762,-3.57846357725106,53.5595562976109,0.584003492843359,15.7588286676685,72.8968485425305
"MEDELLIN",2023-01-01,27.6419581073726,7.49166320462478,10,7.29241877256318,27.4368231046931,81.5162454873646,-20.3495393348094,-0.205135002679448,53.874287379992,-0.199244432061606,19.9451599000684,74.0245822827398
"MEDELLIN",2023-02-01,28.0937077193634,6.44888842395477,10,6.74657534246575,27.6369863013699,77.8767123287671,-21.3471323768976,-0.456721417993521,49.7830046094037,0.297686918510988,21.1880978774151,71.4278239048124
"MEDELLIN",2023-03-01,26.1640281856151,7.7640430929729,10,7.5,27.4305555555556,78.815331010453,-18.6640281856151,1.26652736994041,52.6513028248378,-0.2640430929729,19.6665124625827,71.0512879174801
"MEDELLIN",2023-04-01,25.5616741592972,7.73302035188181,10,6.77902621722846,25.3932584269663,78.4962406015038,-18.7826479420687,-0.168415732330871,52.9345664422066,-0.953994134653342,17.6602380750845,70.763220249622
"MEDELLIN",2023-05-01,25.4420944358275,5.41703019968342,10,5.36496350364964,21.8978102189781,69.7080291970803,-20.0771309321779,-3.54428421684942,44.2659347612528,-0.0520666960337843,16.4807800192947,64.2909989973969
"MEDELLIN",2023-06-01,19.9459740556193,3.96250416045408,10,3.9426523297491,18.9605734767025,72.4820143884892,-16.0033217258701,-0.985400578916742,52.53604033287,-0.0198518307049773,14.9980693162484,68.5195102280351
"MEDELLIN",2023-07-01,20.691491569962,3.41826144604555,10,3.17241379310345,15.3793103448276,69.9307958477509,-17.5190777768586,-5.31218122513442,49.2393042777889,-0.245847652942106,11.961048898782,66.5125344017053
"MEDELLIN",2023-08-01,21.8125236422874,3.67700987921174,10,3.77697841726619,17.4460431654676,70.072202166065,-18.0355452250212,-4.36648047681979,48.2596785237776,0.0999685380544517,13.7690332862559,66.3951922868532
"MEDELLIN",2023-09-01,21.6321958941926,3.57838120844253,10,3.16176470588235,14.7794117647059,65.2941176470588,-18.4704311883102,-6.85278412948671,43.6619217528662,-0.416616502560173,11.2010305562634,61.7157364386163
"MEDELLIN",2023-10-01,17.7972328527786,3.97045370383381,10,3.06859205776173,14.5848375451264,69.6750902527076,-14.7286407950169,-3.21239530765229,51.8778573999289,-0.90186164607208,10.6143838412925,65.7046365488738
"MEDELLIN",2023-11-01,22.8500428594051,5.46068779113866,10,5.53571428571429,18.9642857142857,67.6071428571429,-17.3143285736908,-3.88575714511936,44.7570999977378,0.0750264945756287,13.5035979231471,62.1464550660042
"MEDELLIN",2023-12-01,21.1096653938746,5.01421284276185,10,4.71264367816092,16.360153256705,69.1954022988506,-16.3970217157137,-4.74951213716966,48.0857369049759,-0.301569164600934,11.3459404139431,64.1811894560887
"MEDELLIN",2024-01-01,24.4961439172203,5.47298170035829,10,4.61832061068702,20.9923664122137,64.8275862068966,-19.8778233065332,-3.50377750500652,40.3314422896763,-0.854661089671271,15.5193847118554,59.3546045065383
"MEDELLIN",2024-02-01,21.3850558229797,6.39801480301796,10,5.37037037037037,17.2962962962963,67.0631970260223,-16.0146854526094,-4.08875952668344,45.6781412030426,-1.02764443264759,10.8982814932783,60.6651822230044
"MEDELLIN",2024-03-01,21.7412368349419,3.72630993068125,10,3.23529411764706,16.1029411764706,65.625,-18.5059427172948,-5.63829565847126,43.8837631650581,-0.491015813034186,12.3766312457893,61.8986900693188
"MEDELLIN",2024-04-01,20.4399982257355,4.05115170366521,10,3.05147058823529,16.2132352941176,67.7490774907749,-17.3885276375002,-4.22676293161786,47.3090792650394,-0.999681115429914,12.1620835904524,63.6979257871097
"MEDELLIN",2024-05-01,19.8845434231738,3.00974106960831,10,2.21014492753623,14.0217391304348,64.4565217391304,-17.6743984956376,-5.86280429273904,44.5719783159566,-0.79959614207208,11.0119980608265,61.4467806695221
"MEDELLIN",2024-06-01,22.2985672869963,4.03367258125833,10,2.81021897810219,16.8613138686131,68.7226277372263,-19.4883483088941,-5.43725341838316,46.42406045023,-1.22345360315615,12.8276412873548,64.6889551559679
"MEDELLIN",2024-07-01,18.331645190479,3.8401220513308,10,2.50936329588015,13.5580524344569,67.8651685393258,-15.8222818945988,-4.77359275602205,49.5335233488469,-1.33075875545065,9.71793038312613,64.025046487995
"MEDELLIN",2024-08-01,17.3853960130297,3.64213021118897,10,2.52747252747253,13.8095238095238,64.3014705882353,-14.8579234855572,-3.57587220350589,46.9160745752056,-1.11465768371644,10.1673935983348,60.6593403770463
"MEDELLIN",2024-09-01,15.2170159977352,3.19308514798418,10,2.60700389105058,11.3229571984436,59.1439688715953,-12.6100121066846,-3.89405879929163,43.9269528738601,-0.586081256933593,8.1298720504594,55.9508837236111
"MEDELLIN",2024-10-01,15.3892902259858,2.41714777857126,10,1.30597014925373,10,67.2659176029963,-14.0833200767321,-5.38929022598584,51.8766273770104,-1.11117762931753,7.58285222142874,64.848769824425
"MEDELLIN",2024-11-01,19.1268201754054,2.49818596223173,10,1.44486692015209,10.6083650190114,61.3358778625954,-17.6819532552533,-8.51845515639399,42.20905768719,-1.05331904207964,8.11017905677968,58.8376919003637
"MEDELLIN",2024-12-01,17.0323440553278,2.24605969545566,10,1.71548117154812,11.5481171548117,59.0756302521008,-15.3168628837797,-5.48422690051607,42.0432861967731,-0.530578523907542,9.30205745935605,56.8295705566452
